sampledates,KAJIADO_posswabtest,NAIROBI_posswabtest,KWALE_posswabtest,KILIFI_posswabtest,MOMBASA_posswabtest,KAKAMEGA_posswabtest,KITUI_posswabtest,KIAMBU_posswabtest,MACHAKOS_posswabtest,MURANGA_posswabtest,NYAMIRA_posswabtest,KERICHO_posswabtest,NAKURU_posswabtest,NYANDARUA_posswabtest,VIHIGA_posswabtest,LAIKIPIA_posswabtest,NYERI_posswabtest,HOMABAY_posswabtest,UASIN GISHU_posswabtest,KISII_posswabtest,MANDERA_posswabtest,SIAYA_posswabtest,MERU_posswabtest,TRANS NZOIA_posswabtest,WAJIR_posswabtest,MIGORI_posswabtest,BUSIA_posswabtest,ISIOLO_posswabtest,BOMET_posswabtest,TAITA TAVETA_posswabtest,GARISSA_posswabtest,MAKUENI_posswabtest,KIRINYAGA_posswabtest,KISUMU_posswabtest,TURKANA_posswabtest,EMBU_posswabtest,NANDI_posswabtest,ELGEYO MARAKWET_posswabtest,BUNGOMA_posswabtest,MARSABIT_posswabtest,NAROK_posswabtest,LAMU_posswabtest,TANA RIVER_posswabtest,THARAKA NITHI_posswabtest,BARINGO_posswabtest,WEST POKOT_posswabtest,SAMBURU_posswabtest
21/02/2020,0,0,0,0,0,0,0,0,0,0,0,0,0,0,0,0,0,0,0,0,0,0,0,0,0,0,0,0,0,0,0,0,0,0,0,0,0,0,0,0,0,0,0,0,0,0,0
22/02/2020,0,0,0,0,0,0,0,0,0,0,0,0,0,0,0,0,0,0,0,0,0,0,0,0,0,0,0,0,0,0,0,0,0,0,0,0,0,0,0,0,0,0,0,0,0,0,0
23/02/2020,0,0,0,0,0,0,0,0,0,0,0,0,0,0,0,0,0,0,0,0,0,0,0,0,0,0,0,0,0,0,0,0,0,0,0,0,0,0,0,0,0,0,0,0,0,0,0
24/02/2020,0,0,0,0,0,0,0,0,0,0,0,0,0,0,0,0,0,0,0,0,0,0,0,0,0,0,0,0,0,0,0,0,0,0,0,0,0,0,0,0,0,0,0,0,0,0,0
25/02/2020,0,0,0,0,0,0,0,0,0,0,0,0,0,0,0,0,0,0,0,0,0,0,0,0,0,0,0,0,0,0,0,0,0,0,0,0,0,0,0,0,0,0,0,0,0,0,0
26/02/2020,0,0,0,0,0,0,0,0,0,0,0,0,0,0,0,0,0,0,0,0,0,0,0,0,0,0,0,0,0,0,0,0,0,0,0,0,0,0,0,0,0,0,0,0,0,0,0
27/02/2020,0,0,0,0,0,0,0,0,0,0,0,0,0,0,0,0,0,0,0,0,0,0,0,0,0,0,0,0,0,0,0,0,0,0,0,0,0,0,0,0,0,0,0,0,0,0,0
28/02/2020,0,2,0,0,0,0,0,0,0,0,0,0,0,0,0,0,0,0,0,0,0,0,0,0,0,0,0,0,0,0,0,0,0,0,0,0,0,0,0,0,0,0,0,0,0,0,0
29/02/2020,0,0,0,0,0,0,0,0,0,0,0,0,0,0,0,0,0,0,0,0,0,0,0,0,0,0,0,0,0,0,0,0,0,0,0,0,0,0,0,0,0,0,0,0,0,0,0
01/03/2020,0,0,0,0,0,0,0,0,0,0,0,0,0,0,0,0,0,0,0,0,0,0,0,0,0,0,0,0,0,0,0,0,0,0,0,0,0,0,0,0,0,0,0,0,0,0,0
02/03/2020,0,0,0,0,0,0,0,0,0,0,0,0,0,0,0,0,0,0,0,0,0,0,0,0,0,0,0,0,0,0,0,0,0,0,0,0,0,0,0,0,0,0,0,0,0,0,0
03/03/2020,0,0,0,0,0,0,0,0,0,0,0,0,0,0,0,0,0,0,0,0,0,0,0,0,0,0,0,0,0,0,0,0,0,0,0,0,0,0,0,0,0,0,0,0,0,0,0
04/03/2020,0,0,0,0,0,0,0,0,0,0,0,0,0,0,0,0,0,0,0,0,0,0,0,0,0,0,0,0,0,0,0,0,0,0,0,0,0,0,0,0,0,0,0,0,0,0,0
05/03/2020,0,0,0,0,0,0,0,0,0,0,0,0,0,0,0,0,0,0,0,0,0,0,0,0,0,0,0,0,0,0,0,0,0,0,0,0,0,0,0,0,0,0,0,0,0,0,0
06/03/2020,0,0,0,0,0,0,0,0,0,0,0,0,0,0,0,0,0,0,0,0,0,0,0,0,0,0,0,0,0,0,0,0,0,0,0,0,0,0,0,0,0,0,0,0,0,0,0
07/03/2020,0,0,0,0,17,0,0,0,0,0,0,0,0,0,0,0,0,0,0,0,0,0,0,0,0,0,0,0,0,0,0,0,0,0,0,0,0,0,0,0,0,2,0,0,0,0,0
08/03/2020,0,7,0,0,0,0,0,0,5,0,0,0,0,0,0,0,0,0,0,0,0,0,0,0,0,0,0,0,0,0,0,0,0,0,0,0,0,0,0,0,0,0,0,0,0,0,0
09/03/2020,0,0,0,0,0,0,0,0,0,0,0,0,0,0,0,0,0,0,0,0,0,0,0,0,0,0,0,0,0,0,0,0,0,0,0,0,0,0,0,0,0,0,0,0,0,0,0
10/03/2020,0,0,0,0,0,0,0,0,0,0,0,0,0,0,0,0,0,0,0,0,0,0,0,0,0,0,0,0,0,0,0,0,0,0,0,0,0,0,0,0,0,0,0,0,0,0,0
11/03/2020,1,0,0,0,0,0,0,0,0,0,0,0,0,0,0,0,0,0,0,0,0,0,0,0,0,0,0,0,0,0,0,0,0,0,0,0,0,0,0,0,0,0,0,0,0,0,0
12/03/2020,0,0,0,0,0,0,0,0,0,0,0,0,0,0,0,0,0,0,0,0,0,0,0,0,0,0,0,0,0,0,0,0,0,0,0,0,0,0,0,0,0,0,0,0,0,0,0
13/03/2020,0,0,0,0,0,0,0,0,0,0,0,0,0,0,0,0,0,0,0,0,0,0,0,0,0,0,0,0,0,0,0,0,0,0,0,0,0,0,0,0,0,0,0,0,0,0,0
14/03/2020,0,2,0,0,0,0,0,0,0,0,0,0,0,0,0,0,0,0,0,0,0,0,0,0,0,0,0,0,0,0,0,0,0,0,0,0,0,0,0,0,0,0,0,0,0,0,0
15/03/2020,0,0,0,0,0,0,0,0,0,0,0,0,0,0,0,0,0,0,0,0,0,0,0,0,0,0,0,0,0,0,0,0,0,0,0,0,0,0,0,0,0,0,0,0,0,0,0
16/03/2020,0,1,0,0,0,0,0,0,0,0,0,0,0,0,0,0,0,0,0,0,0,0,0,0,0,0,0,0,0,0,0,0,0,0,0,0,0,0,0,0,0,0,0,0,0,0,0
17/03/2020,0,3,0,2,0,0,0,0,0,0,0,0,0,0,0,0,0,0,0,0,0,0,0,0,0,0,0,0,0,0,0,0,0,0,0,0,0,0,0,0,0,0,0,0,0,0,0
18/03/2020,0,0,1,1,0,0,0,0,0,0,0,0,0,0,0,0,0,0,0,0,0,0,0,0,0,0,0,0,0,0,0,0,0,0,0,0,0,0,0,0,0,0,0,0,0,0,0
19/03/2020,0,1,0,0,0,0,0,0,0,0,0,0,0,0,0,0,0,0,0,0,0,0,0,0,0,0,0,0,0,0,0,0,0,0,0,0,0,0,0,0,0,0,0,0,0,0,0
20/03/2020,0,2,0,0,2,0,0,0,0,0,0,0,0,0,0,0,0,0,0,0,0,0,0,0,0,0,0,0,0,0,0,0,0,0,0,0,0,0,0,0,0,0,0,0,0,0,0
21/03/2020,0,3,0,0,0,0,0,0,0,0,0,0,0,0,0,0,0,0,0,0,0,0,0,0,0,0,0,0,0,0,0,0,0,0,0,0,0,0,0,0,0,0,0,0,0,0,0
22/03/2020,0,0,0,0,0,0,0,0,0,0,0,0,0,0,0,0,0,0,0,0,0,0,0,0,0,0,0,0,0,0,0,0,0,0,0,0,0,0,0,0,0,0,0,0,0,0,0
23/03/2020,0,7,0,1,0,0,0,0,0,0,0,0,0,0,0,0,0,0,0,0,0,0,0,0,0,0,0,0,0,0,0,0,0,0,0,0,0,0,0,0,0,0,0,0,0,0,0
24/03/2020,0,1,0,1,0,1,0,0,0,0,0,0,0,0,0,0,0,0,0,0,0,0,0,0,0,0,0,0,0,0,0,0,0,0,0,0,0,0,0,0,0,0,0,0,0,0,0
25/03/2020,0,0,0,2,0,0,0,0,0,0,0,0,0,0,0,0,0,0,0,0,0,0,0,0,0,0,0,0,0,0,0,0,0,0,0,0,0,0,0,0,0,0,0,0,0,0,0
26/03/2020,0,2,0,0,0,0,0,0,0,0,0,0,0,0,0,0,0,0,0,0,0,0,0,0,0,0,0,0,0,0,0,0,0,0,0,0,0,0,0,0,0,0,0,0,0,0,0
27/03/2020,0,6,0,0,1,0,0,0,0,0,0,0,0,0,0,0,0,0,0,0,0,0,0,0,0,0,0,0,0,0,0,0,0,0,0,0,0,0,0,0,0,0,0,0,0,0,0
28/03/2020,0,4,0,0,1,0,0,0,0,0,0,0,0,0,0,0,0,0,0,0,0,0,0,0,0,0,0,0,0,0,0,0,0,0,0,0,0,0,0,0,0,0,0,0,0,0,0
29/03/2020,0,7,0,0,0,0,1,0,0,0,0,0,0,0,0,0,0,0,0,0,0,0,0,0,0,0,0,0,0,0,0,0,0,0,0,0,0,0,0,0,0,0,0,0,0,0,0
30/03/2020,0,7,0,1,0,0,0,0,0,0,0,0,0,0,0,0,0,0,0,0,0,0,0,0,0,0,0,0,0,0,0,0,0,0,0,0,0,0,0,0,0,0,0,0,0,0,0
31/03/2020,1,7,0,1,7,1,0,2,1,1,1,1,0,0,0,0,0,0,0,0,0,0,0,0,0,0,0,0,0,0,0,0,0,0,0,0,0,0,0,0,0,0,0,0,0,0,0
01/04/2020,0,16,0,0,0,0,0,2,3,1,0,0,3,1,1,1,0,0,0,0,0,0,0,0,0,0,0,0,0,0,0,0,0,0,0,0,0,0,0,0,0,0,0,0,0,0,0
02/04/2020,0,9,0,0,2,0,0,1,0,0,0,0,0,0,0,1,1,0,0,1,0,0,0,0,0,0,0,0,0,0,0,0,0,0,0,0,0,0,0,0,0,0,0,0,0,0,0
03/04/2020,0,4,0,0,1,0,0,0,0,0,0,0,0,0,0,0,0,1,0,0,0,0,0,0,0,0,0,0,0,0,0,0,0,0,0,0,0,0,0,0,0,0,0,0,0,0,0
04/04/2020,0,15,0,1,2,0,1,1,0,0,0,0,0,0,0,0,0,0,1,0,0,0,0,0,0,0,0,0,0,0,0,0,0,0,0,0,0,0,0,0,0,0,0,0,0,0,0
05/04/2020,0,6,0,0,6,0,0,0,0,0,0,0,0,0,0,0,0,0,0,0,2,0,0,0,0,0,0,0,0,0,0,0,0,0,0,0,0,0,0,0,0,0,0,0,0,0,0
06/04/2020,0,8,1,0,3,0,0,1,1,0,0,0,0,0,0,0,0,0,1,0,0,0,0,0,0,0,0,0,0,0,0,0,0,0,0,0,0,0,0,0,0,0,0,0,0,0,0
07/04/2020,0,5,0,1,3,0,0,0,0,0,0,0,0,0,0,0,0,0,0,0,0,0,0,0,0,0,0,0,0,0,0,0,0,0,0,0,0,0,0,0,0,0,0,0,0,0,0
08/04/2020,0,49,0,0,2,0,0,1,0,0,0,0,1,1,0,0,0,0,0,0,0,0,0,0,0,0,0,0,0,0,0,0,0,0,0,0,0,0,0,0,1,0,0,0,0,0,0
09/04/2020,0,2,0,0,2,0,0,0,0,0,0,0,0,0,0,0,0,0,0,0,0,0,0,0,0,0,0,0,0,0,0,0,0,0,0,0,0,0,0,0,0,0,0,0,0,0,0
10/04/2020,0,0,0,0,1,0,0,0,0,0,0,0,0,0,0,0,0,0,0,0,0,0,0,0,0,0,0,0,0,0,0,0,0,0,0,0,0,0,0,0,0,0,0,0,0,0,0
11/04/2020,0,3,0,0,3,0,0,0,0,0,0,0,0,0,0,0,0,0,0,0,4,1,0,0,0,0,0,0,0,0,0,0,0,0,0,0,0,0,0,0,0,0,0,0,0,0,0
12/04/2020,0,3,0,0,0,0,0,0,1,0,0,0,1,0,0,0,0,0,0,0,0,0,0,0,0,0,0,0,0,0,0,0,0,0,0,0,0,0,0,0,0,0,0,0,0,0,0
13/04/2020,0,7,0,0,0,0,0,0,0,0,0,0,1,0,0,0,0,0,0,0,0,1,1,0,0,0,0,0,0,0,0,0,0,0,0,0,0,0,0,0,0,0,0,0,0,0,0
14/04/2020,0,4,0,0,4,0,0,0,0,0,0,0,0,0,0,0,0,0,0,0,0,0,0,0,0,0,0,0,0,0,0,0,0,0,0,0,0,0,0,0,0,0,0,0,0,0,0
15/04/2020,0,6,0,0,7,0,0,0,1,0,0,0,0,0,0,0,0,0,0,0,0,0,0,0,0,0,0,0,0,0,0,0,0,0,0,0,0,0,0,0,0,0,0,0,0,0,0
16/04/2020,0,11,0,0,4,0,0,0,0,0,0,0,0,0,0,0,0,0,0,0,0,0,0,1,0,0,0,0,0,0,0,0,0,0,0,0,0,0,0,0,0,0,0,0,0,0,0
17/04/2020,0,8,0,0,0,0,0,0,0,0,0,0,0,0,0,0,0,0,0,0,0,0,0,0,0,0,0,0,0,0,0,0,0,0,0,0,0,0,0,0,0,0,0,0,0,0,0
18/04/2020,1,2,0,0,11,0,0,1,0,0,0,0,0,0,0,0,0,0,0,0,0,0,0,0,0,0,0,0,0,0,0,0,0,0,0,0,0,0,0,0,0,0,0,0,0,0,0
19/04/2020,0,0,0,0,7,0,0,4,0,0,0,0,0,0,0,0,0,0,0,0,2,0,0,0,0,0,0,0,0,0,0,0,0,0,0,0,0,0,0,0,0,0,0,0,0,0,0
20/04/2020,0,8,0,0,12,0,0,0,0,0,0,0,0,0,0,0,0,0,0,0,0,0,0,0,0,0,0,0,0,0,0,0,0,0,0,0,0,0,0,0,0,0,0,0,0,0,0
21/04/2020,0,1,0,0,2,0,0,0,0,0,0,0,0,0,0,0,0,0,0,0,0,0,0,0,0,0,0,0,0,0,0,0,0,0,0,0,0,0,0,0,0,0,0,0,0,0,0
22/04/2020,0,3,0,0,5,0,0,0,0,0,0,0,0,0,0,0,0,0,0,0,0,0,0,0,0,0,0,0,0,0,0,0,0,0,0,0,0,0,0,0,0,0,0,0,0,0,0
23/04/2020,0,11,0,0,1,0,0,0,0,0,0,0,0,0,0,0,0,0,0,0,0,0,0,0,0,0,0,0,0,0,0,0,0,0,0,0,0,0,0,0,0,0,0,0,0,0,0
24/04/2020,0,7,0,1,4,0,0,3,0,0,0,0,0,0,0,0,0,0,0,0,0,0,0,0,0,0,0,0,0,0,0,0,0,0,0,0,0,0,0,0,0,0,0,0,0,0,0
25/04/2020,0,4,1,0,4,0,0,1,0,0,0,0,0,0,0,0,0,0,0,0,0,0,0,0,0,0,0,0,0,0,0,0,0,0,0,0,0,0,0,0,0,0,0,0,0,0,0
26/04/2020,0,0,0,0,1,0,0,0,0,0,0,0,0,0,0,0,0,0,0,0,0,0,0,0,0,0,0,0,0,0,0,0,0,0,0,0,0,0,0,0,0,0,0,0,0,0,0
27/04/2020,0,7,0,0,12,0,0,0,0,0,0,0,0,0,0,0,0,0,0,0,0,0,0,0,0,0,0,0,0,0,0,0,0,0,0,0,0,0,0,0,0,0,0,0,0,0,0
28/04/2020,0,3,0,0,9,0,1,0,0,0,0,0,0,0,0,0,0,0,0,0,0,0,0,0,0,0,0,0,0,0,0,0,0,0,0,0,0,0,0,0,0,0,0,0,0,0,0
29/04/2020,0,2,0,0,9,0,0,0,0,0,0,0,0,0,0,0,0,0,0,0,0,0,0,0,2,1,0,0,0,0,0,0,0,0,0,0,0,0,0,0,0,0,0,0,0,0,0
30/04/2020,0,11,0,0,5,0,0,0,0,0,0,0,0,0,0,0,0,0,0,0,0,0,0,0,0,0,0,0,0,0,0,0,0,0,0,0,0,0,0,0,0,0,0,0,0,0,0
01/05/2020,0,16,0,0,27,0,1,0,0,0,0,0,0,0,1,0,0,0,0,0,0,0,1,0,2,1,0,0,0,0,0,0,0,0,0,0,0,0,0,0,0,0,0,0,0,0,0
02/05/2020,0,1,0,0,10,0,0,0,0,0,0,0,0,0,0,0,0,0,0,0,0,0,0,0,2,0,0,0,0,0,0,0,0,0,0,0,0,0,0,0,0,0,0,0,0,0,0
03/05/2020,0,57,1,0,21,0,0,0,1,0,0,0,0,0,0,0,0,0,0,0,0,0,0,0,1,0,0,0,0,0,0,0,0,0,0,0,0,0,0,0,0,0,0,0,0,0,0
04/05/2020,0,13,0,0,4,0,0,0,1,0,0,0,0,0,0,0,0,0,0,0,0,0,0,0,2,0,2,0,0,0,0,0,0,0,0,0,0,0,0,0,0,0,0,0,0,0,0
05/05/2020,0,3,0,0,3,0,0,1,0,0,0,0,0,0,0,0,0,0,0,0,0,0,0,0,0,1,0,1,0,0,0,0,0,2,0,0,0,0,0,0,0,0,0,0,0,0,0
06/05/2020,2,4,0,0,5,0,0,0,0,0,0,0,2,0,0,0,0,1,0,0,3,0,0,0,0,4,0,0,0,0,0,0,0,1,0,0,0,0,0,0,0,0,0,0,0,0,0
07/05/2020,0,1,0,0,13,0,0,1,1,0,0,0,0,0,0,0,0,0,0,0,3,0,0,0,0,0,0,0,0,0,0,0,0,0,0,0,0,0,0,0,0,0,0,0,0,0,0
08/05/2020,4,41,0,0,12,0,0,2,4,0,0,0,0,0,0,0,0,0,0,0,0,0,0,0,0,0,0,0,0,0,0,0,0,0,0,0,0,0,0,0,0,0,0,0,0,0,0
09/05/2020,9,5,0,0,9,0,0,0,1,0,0,0,0,0,0,0,0,0,1,0,0,0,0,0,2,0,0,0,0,0,0,0,0,0,0,0,0,0,0,0,0,0,0,0,0,0,0
10/05/2020,1,4,0,0,8,0,0,0,0,0,0,0,0,0,0,0,0,0,0,0,0,0,0,0,0,3,0,0,0,0,0,0,0,0,0,0,0,0,0,0,0,0,0,0,0,0,0
11/05/2020,3,9,0,0,9,0,0,3,0,0,0,0,0,0,0,0,0,0,0,0,0,0,0,0,2,0,0,0,0,0,0,0,0,0,0,0,0,0,0,0,0,0,0,0,0,0,0
12/05/2020,4,6,2,0,8,0,0,0,0,0,0,0,0,0,0,0,0,0,1,0,0,0,0,0,1,0,0,0,1,0,0,0,0,0,0,0,0,0,0,0,0,0,0,0,0,0,0
13/05/2020,4,8,2,1,8,0,0,1,0,0,0,0,0,0,0,0,0,0,0,0,0,0,0,0,1,0,1,0,0,2,0,0,0,0,0,0,0,0,0,0,0,0,0,0,0,0,0
14/05/2020,1,14,0,0,8,0,1,0,0,0,0,0,1,0,0,0,0,0,0,0,1,0,0,0,0,3,5,0,0,2,0,1,0,0,0,0,0,0,0,0,0,0,0,0,0,0,0
15/05/2020,1,38,0,0,31,0,0,1,0,0,0,0,0,0,0,0,0,0,1,1,3,0,0,0,0,0,0,0,0,0,0,0,0,0,0,0,0,0,0,0,0,0,0,0,0,0,0
16/05/2020,10,9,0,0,0,0,0,2,0,0,0,0,0,0,0,0,0,0,0,0,0,0,1,0,0,0,0,0,0,0,2,0,0,0,0,0,0,0,0,0,0,0,0,0,0,0,0
17/05/2020,1,5,6,1,46,0,0,0,0,0,0,0,0,0,0,0,0,0,0,0,0,0,0,0,0,3,2,0,0,1,0,0,1,0,0,0,0,0,0,0,0,0,0,0,0,0,0
18/05/2020,5,17,5,1,2,0,0,0,0,0,0,0,1,0,0,0,0,0,1,0,0,8,1,0,1,3,0,0,0,1,3,0,0,0,0,0,0,0,0,0,0,0,0,0,0,0,0
19/05/2020,2,34,0,0,13,0,0,5,0,0,0,0,0,0,0,0,0,0,0,0,0,0,0,0,0,1,0,0,0,1,0,0,0,0,0,0,0,0,0,0,0,0,0,0,0,0,0
20/05/2020,3,44,0,1,28,0,0,1,0,0,0,0,2,0,0,0,0,0,0,0,0,0,0,1,0,0,7,0,0,0,0,0,0,0,0,0,0,0,0,0,0,0,0,0,0,0,0
21/05/2020,2,15,0,0,23,0,0,0,0,0,0,0,1,0,0,0,0,0,0,0,0,0,0,0,0,0,5,0,0,0,0,0,0,0,0,0,0,0,0,0,0,0,0,0,0,0,0
22/05/2020,0,48,9,0,26,0,0,7,1,0,0,0,1,0,0,0,0,0,0,0,0,0,0,0,0,0,1,1,0,1,0,0,0,3,1,0,0,0,0,0,0,0,0,0,0,0,0
23/05/2020,4,36,0,1,24,0,3,3,0,1,0,0,0,0,0,0,0,0,0,0,0,0,0,0,0,0,0,0,0,0,0,0,0,0,0,0,0,0,0,0,0,0,0,0,0,0,0
24/05/2020,1,57,0,0,6,0,0,0,0,0,0,0,0,0,0,0,0,0,1,0,0,0,0,0,0,0,0,0,0,0,1,0,0,0,0,0,0,0,0,0,0,0,0,0,0,0,0
25/05/2020,4,36,0,0,6,0,0,2,0,0,0,0,0,0,0,0,0,0,0,0,0,0,0,0,0,0,8,0,0,0,1,0,0,2,0,0,0,0,0,0,0,0,0,0,0,0,0
26/05/2020,0,93,0,1,77,0,1,4,0,0,0,1,0,0,0,0,2,1,2,0,0,0,0,0,0,0,12,0,0,3,0,1,0,0,0,1,0,0,0,0,0,0,0,0,0,0,0
27/05/2020,6,66,3,0,47,0,0,4,1,0,0,0,0,0,0,1,0,0,0,0,0,0,0,0,0,0,0,1,0,0,0,0,0,0,0,0,0,0,0,0,0,0,0,0,0,0,0
28/05/2020,2,119,0,0,26,0,0,4,1,0,0,0,0,0,0,0,0,0,7,1,0,0,0,0,0,4,0,1,0,0,2,0,0,0,0,0,1,0,0,0,0,0,0,0,0,0,0
29/05/2020,6,119,3,3,12,0,0,8,0,0,0,0,0,0,0,0,0,0,10,0,0,0,0,0,0,2,27,0,0,3,0,0,0,0,6,0,0,0,0,0,1,0,0,0,0,0,0
30/05/2020,0,51,0,0,25,0,0,0,0,1,0,0,0,0,0,0,0,0,0,0,0,0,0,0,0,0,20,0,0,1,0,0,0,0,0,0,0,0,0,0,0,0,0,0,0,0,0
31/05/2020,0,9,0,0,5,0,0,0,0,0,0,0,0,0,0,0,0,0,12,0,0,0,0,0,0,1,0,0,0,0,0,0,0,0,0,0,0,0,0,0,0,0,0,0,0,0,0
01/06/2020,5,63,0,2,21,0,0,2,0,0,0,0,0,0,0,1,1,0,1,0,0,0,0,0,0,0,7,0,0,0,1,0,0,0,0,0,0,0,0,0,0,0,0,0,0,0,0
02/06/2020,1,16,0,0,16,0,0,1,0,0,0,0,0,0,0,0,2,0,1,0,0,0,0,0,0,5,31,0,0,1,2,0,0,1,0,0,0,1,0,0,0,0,0,0,0,0,0
03/06/2020,7,41,0,0,85,0,0,3,6,1,0,0,1,0,0,0,0,0,1,0,0,0,0,0,0,0,49,0,0,1,1,0,0,0,0,0,0,0,0,0,0,0,0,0,0,0,0
04/06/2020,3,14,0,2,12,0,0,0,1,0,0,0,1,0,0,0,0,0,3,0,0,0,0,0,0,3,9,0,0,0,1,0,0,1,0,0,0,0,0,0,0,0,0,0,0,0,0
05/06/2020,2,25,2,3,13,0,0,3,3,0,0,0,0,0,0,0,0,0,9,0,0,1,0,0,0,6,2,0,0,0,0,0,0,0,0,0,0,0,0,0,0,0,0,0,0,0,0
06/06/2020,11,70,0,1,21,1,1,14,0,0,0,0,0,0,0,0,0,0,1,0,0,1,0,0,0,1,50,0,0,0,1,1,0,5,1,0,0,0,1,0,0,0,0,0,0,0,0
07/06/2020,3,66,0,4,40,0,0,4,1,0,0,0,0,0,0,0,0,0,0,0,0,0,0,0,0,2,11,0,0,3,0,0,0,0,0,0,0,0,3,1,0,1,0,0,0,0,0
08/06/2020,1,95,0,0,24,0,0,13,7,0,0,0,0,0,0,0,0,0,5,0,0,0,0,0,0,4,34,0,0,0,1,0,0,3,7,0,0,0,0,0,0,0,0,0,0,0,0
09/06/2020,1,36,0,3,32,0,0,1,1,1,0,0,0,0,0,0,1,0,0,0,0,0,0,0,0,0,30,0,0,0,0,0,0,1,0,0,0,0,0,0,0,0,0,0,0,0,0
10/06/2020,0,22,0,0,29,0,0,8,0,0,0,0,0,0,0,0,0,0,0,0,0,0,1,0,0,0,0,0,0,1,0,0,0,0,0,0,0,0,0,0,1,0,0,0,0,0,0
11/06/2020,0,73,0,0,62,0,0,2,1,0,0,0,0,0,0,0,0,0,2,0,0,0,0,0,0,0,0,0,0,0,0,0,0,0,0,0,0,0,0,0,0,0,0,0,0,0,0
12/06/2020,9,43,0,8,30,0,0,2,2,1,1,0,1,0,0,0,0,0,0,0,0,0,0,0,0,3,9,0,0,0,0,0,0,1,0,0,0,0,0,0,0,0,0,0,0,0,0
13/06/2020,4,36,0,1,20,0,2,1,3,0,0,0,1,0,0,0,0,0,0,0,0,0,0,0,0,0,0,0,0,0,0,0,0,0,0,0,0,0,0,0,0,0,0,0,0,0,0
14/06/2020,0,32,0,1,16,0,0,6,1,1,0,0,1,0,0,0,0,0,0,0,0,0,0,0,0,0,0,0,0,0,0,0,0,0,0,0,0,0,0,0,0,0,0,0,0,0,0
15/06/2020,20,176,1,0,22,0,0,12,3,0,0,0,8,0,1,0,0,0,0,0,0,0,13,0,0,0,7,0,0,2,2,0,0,1,0,0,0,0,0,0,1,0,0,0,0,0,0
16/06/2020,9,81,0,0,29,0,0,6,0,0,0,0,0,0,0,0,0,0,1,0,0,0,0,0,1,1,6,3,0,0,3,0,0,0,0,1,0,0,0,0,0,0,0,0,0,0,0
17/06/2020,10,104,0,5,44,0,0,4,4,0,0,0,5,0,0,0,0,1,2,0,0,0,0,0,0,3,5,0,0,1,4,0,0,0,0,0,0,0,0,0,0,0,0,0,0,0,0
18/06/2020,15,158,15,2,20,1,0,13,9,0,0,2,3,0,0,1,0,1,0,1,0,0,0,0,0,0,0,0,0,0,0,0,0,1,0,0,0,0,0,0,0,0,0,0,0,0,0
19/06/2020,21,40,0,1,34,0,0,6,3,0,0,0,0,0,0,0,0,0,0,0,0,0,0,0,0,0,2,0,0,0,1,0,0,0,0,0,0,0,0,0,0,0,0,0,0,0,0
20/06/2020,6,57,0,2,40,0,0,1,3,0,0,0,2,0,0,0,0,0,1,1,0,0,0,0,0,10,7,0,0,0,0,0,0,1,0,0,0,0,1,0,0,0,0,0,0,0,0
21/06/2020,0,34,0,0,1,0,0,2,1,0,0,0,0,0,0,0,0,0,1,0,0,0,0,0,0,0,10,0,0,0,0,0,0,0,0,0,0,0,0,0,0,0,0,0,0,0,0
22/06/2020,6,178,0,0,17,1,0,15,6,4,0,1,1,0,0,0,0,0,8,1,0,1,0,0,0,29,9,1,0,2,0,0,0,0,0,0,0,0,0,0,0,0,0,0,0,0,0
23/06/2020,16,103,0,1,33,0,0,9,2,0,0,1,13,0,0,0,1,0,6,0,0,0,0,2,0,8,3,1,0,2,0,0,0,0,0,0,0,0,1,1,0,1,0,0,0,0,0
24/06/2020,7,130,2,1,43,0,0,17,3,0,0,0,6,0,0,0,0,0,4,0,0,13,1,0,0,10,8,0,0,2,2,0,0,0,0,0,0,0,0,1,0,1,0,0,0,0,0
25/06/2020,6,116,0,1,20,0,0,17,6,0,0,1,5,0,0,0,0,0,9,0,0,0,0,0,0,2,14,0,0,0,0,1,0,2,0,0,3,0,0,0,0,0,0,0,0,0,0
26/06/2020,7,132,0,2,30,0,0,14,0,0,0,0,8,0,1,0,0,0,3,0,0,1,0,0,0,1,7,0,0,0,0,3,0,1,0,0,0,0,0,0,1,0,0,0,0,0,0
27/06/2020,12,105,0,7,12,1,0,14,26,0,0,0,0,0,0,0,0,0,1,0,0,0,0,0,0,1,11,0,0,0,0,7,0,0,0,0,0,0,0,0,0,0,0,0,0,0,0
28/06/2020,1,83,1,0,32,0,0,12,16,0,0,0,2,0,0,0,0,0,1,0,0,0,0,0,0,11,4,0,0,0,0,2,0,1,0,0,0,0,0,0,23,0,0,0,0,0,0
29/06/2020,14,272,0,0,24,0,1,25,19,1,0,4,5,0,0,0,0,0,11,0,0,0,0,0,0,3,4,0,0,0,3,5,0,1,0,0,0,0,0,0,0,1,0,0,0,0,0
30/06/2020,19,212,0,0,23,0,0,30,13,2,0,0,1,0,0,0,0,0,3,0,0,0,0,0,0,6,0,1,0,0,0,1,1,0,0,0,0,0,0,0,0,0,0,0,0,0,0
01/07/2020,20,171,0,2,35,0,0,12,6,1,1,0,2,0,0,0,0,0,7,0,0,2,0,0,0,1,8,0,0,0,1,0,0,0,0,0,0,0,0,0,0,2,0,0,0,0,0
02/07/2020,20,176,0,0,19,0,5,11,8,1,0,0,0,1,0,0,0,0,4,0,0,0,0,0,0,8,19,0,0,0,0,14,0,0,0,0,2,0,0,0,1,1,0,0,0,0,0
03/07/2020,28,207,0,1,14,1,1,19,10,0,0,0,7,0,0,0,0,0,2,0,0,0,0,0,0,2,9,0,0,8,0,8,0,0,3,0,0,0,0,0,1,0,0,0,0,0,0
04/07/2020,8,132,0,0,6,0,0,33,35,0,0,0,6,0,0,0,0,0,0,1,0,0,1,0,0,8,8,1,0,0,0,0,0,0,0,0,1,0,0,0,0,0,0,0,0,0,0
05/07/2020,3,65,0,0,15,0,0,10,9,0,0,0,0,0,0,2,0,0,0,0,0,0,0,0,0,7,4,0,0,0,0,0,0,0,0,0,0,0,0,0,1,0,0,0,0,0,0
06/07/2020,23,290,0,0,4,0,0,40,17,0,0,0,26,0,7,0,0,0,4,0,0,0,0,0,0,4,19,0,0,0,1,1,0,0,0,0,0,0,0,0,0,1,0,0,0,0,0
07/07/2020,17,279,0,1,19,0,0,35,28,0,0,2,3,0,0,2,0,0,4,0,0,0,0,1,0,5,12,0,0,2,0,0,0,1,2,0,0,0,0,1,0,5,1,0,0,0,0
08/07/2020,41,243,0,0,14,0,0,55,24,1,0,1,11,1,0,0,1,0,5,0,0,0,1,1,1,0,17,1,0,0,0,0,0,1,0,0,0,0,0,0,0,0,0,0,0,0,0
09/07/2020,43,277,0,0,22,1,0,43,31,0,1,2,10,0,0,1,9,1,8,0,0,2,0,0,1,12,14,0,0,0,0,1,0,0,0,0,0,0,0,0,2,0,0,1,0,0,0
10/07/2020,19,347,0,0,16,0,0,49,14,0,2,0,8,0,0,0,1,0,5,0,0,0,2,0,0,9,15,0,0,0,0,3,0,2,0,0,1,0,0,0,1,3,0,0,0,0,0
11/07/2020,8,153,0,6,6,0,0,12,25,0,0,0,0,1,0,0,0,0,2,3,0,0,0,0,0,0,14,0,0,0,0,0,0,1,0,0,0,0,0,0,0,0,0,0,0,0,0
12/07/2020,109,62,0,1,1,0,0,14,6,0,0,1,0,0,0,0,0,0,0,0,0,0,1,0,0,12,6,0,0,1,0,2,0,0,0,0,0,0,0,0,2,0,0,0,0,0,0
13/07/2020,23,343,0,1,21,0,0,50,18,0,0,0,10,0,0,2,0,0,4,0,0,1,0,0,0,5,8,0,3,0,1,1,0,1,0,0,0,0,0,2,0,3,0,0,0,0,0
14/07/2020,9,355,1,1,15,3,0,47,18,2,0,2,24,0,0,7,11,0,3,0,1,0,0,1,4,5,30,1,0,0,0,15,0,3,0,0,0,0,0,0,1,1,0,0,0,0,0
15/07/2020,28,411,0,6,7,1,3,64,11,1,0,0,6,2,0,0,1,0,5,1,1,0,4,0,0,0,8,1,0,1,0,0,0,4,2,0,0,0,0,0,4,1,0,0,0,0,0
16/07/2020,29,375,0,1,14,0,0,64,56,4,0,1,4,1,0,5,11,0,1,5,0,0,5,0,0,1,8,0,0,0,2,1,1,0,0,0,0,0,2,0,1,1,0,0,0,0,0
17/07/2020,58,480,1,9,15,1,0,57,46,6,0,4,16,0,0,3,14,0,2,0,0,0,0,0,0,2,21,0,0,0,0,0,0,0,0,0,0,0,2,0,1,1,2,0,0,0,0
18/07/2020,24,338,0,1,9,0,0,25,88,0,0,0,4,0,0,0,1,0,2,0,0,0,0,0,0,1,8,0,0,0,6,2,0,1,0,0,0,0,0,2,2,0,0,0,0,0,0
19/07/2020,42,118,0,0,2,0,1,11,1,1,0,1,2,0,0,0,0,0,2,1,0,0,1,0,0,5,3,0,0,0,1,0,0,0,0,0,0,0,0,0,1,0,0,0,0,0,0
20/07/2020,118,311,0,2,18,1,0,47,81,3,0,3,24,2,0,3,2,1,7,4,0,1,1,1,1,2,7,0,0,0,5,6,0,1,0,2,0,0,0,0,1,0,1,3,0,0,0
21/07/2020,30,423,0,1,21,2,0,42,17,0,0,0,9,2,1,3,9,0,6,1,0,1,1,0,1,21,7,0,6,0,0,4,0,0,5,3,0,0,0,0,11,2,0,1,0,0,0
22/07/2020,121,639,0,4,35,1,0,69,20,4,1,15,14,0,1,6,3,0,15,1,0,0,1,3,0,5,8,4,0,2,0,1,0,6,1,1,0,0,1,0,0,0,0,2,0,0,0
23/07/2020,43,423,0,0,14,1,0,84,29,7,0,4,13,1,0,0,4,0,5,2,0,0,1,2,2,14,2,0,1,0,9,1,0,2,0,4,1,0,1,0,10,0,1,0,0,0,0
24/07/2020,75,607,0,2,12,0,0,99,41,8,0,7,28,1,1,5,3,0,1,1,0,0,0,2,1,1,6,2,8,1,4,0,0,5,0,0,0,0,1,3,0,0,0,0,1,0,0
25/07/2020,14,200,0,1,17,2,0,22,13,11,1,3,6,0,0,0,1,1,16,0,0,0,0,1,0,0,15,0,0,1,3,0,0,10,9,0,2,0,0,0,11,1,0,0,1,0,0
26/07/2020,14,169,0,0,5,0,0,24,6,1,0,0,0,0,1,0,0,0,9,3,0,0,0,0,0,8,5,0,0,0,0,0,0,0,0,1,0,0,0,0,3,0,0,0,3,0,0
27/07/2020,29,555,1,2,42,1,1,70,23,8,0,7,53,1,0,0,8,0,15,4,0,3,3,1,0,3,5,0,3,0,12,3,1,9,0,1,2,0,2,0,17,3,0,1,0,0,0
28/07/2020,23,585,1,1,18,0,0,89,15,5,0,4,33,0,1,6,7,0,5,0,0,6,6,1,1,5,16,0,13,2,2,1,21,3,0,3,0,0,1,0,2,0,2,1,0,1,0
29/07/2020,21,489,1,0,24,0,0,50,16,11,0,10,64,0,0,0,8,1,10,1,6,2,7,0,1,1,22,0,0,0,15,5,0,6,0,0,3,0,0,0,4,0,0,0,10,0,9
30/07/2020,47,578,3,3,26,11,1,118,22,0,0,2,24,1,2,16,33,2,20,1,0,7,2,1,0,6,13,0,2,0,5,3,2,6,12,2,2,1,2,0,27,0,0,0,0,0,0
31/07/2020,20,308,0,1,2,2,0,37,9,3,1,0,3,0,1,0,9,0,9,0,0,0,1,0,0,7,7,1,1,2,0,1,0,4,0,0,2,0,0,0,3,0,0,0,0,0,1
01/08/2020,10,112,0,2,10,0,0,21,8,4,0,0,3,0,0,0,4,0,1,0,0,0,0,0,0,4,9,0,1,0,0,0,0,6,0,0,0,0,0,0,4,0,0,0,1,0,0
02/08/2020,2,51,0,0,0,0,0,5,2,0,0,0,4,0,0,0,0,0,3,0,0,1,0,0,0,14,8,0,5,0,0,1,0,0,0,0,0,0,0,0,0,0,0,0,2,0,0
03/08/2020,37,188,0,1,6,0,0,67,7,3,0,7,8,0,1,16,3,0,3,5,0,0,1,0,1,0,15,8,1,1,0,2,1,14,7,0,0,2,1,1,4,0,0,0,0,0,0
04/08/2020,11,564,1,0,16,1,0,50,12,2,0,4,42,2,2,0,4,0,14,5,0,7,1,1,0,7,12,1,7,1,3,0,1,5,0,0,5,0,0,0,9,0,3,0,2,0,0
05/08/2020,16,370,0,2,8,1,0,43,32,2,0,6,20,0,1,15,2,4,3,8,0,1,5,3,1,2,14,1,1,2,1,1,0,4,3,0,1,0,1,0,0,0,0,0,0,0,0
06/08/2020,17,153,0,1,9,6,4,37,4,0,0,8,15,0,0,0,1,0,9,1,0,0,0,2,0,2,17,0,2,0,0,3,0,2,0,0,3,1,6,0,3,0,0,0,1,0,0